time,temperature
0,297.15
14,297.15
28,297.15
42,297.15
56,297.15
70,297.15
83,297.15
97,297.15
111,297.15
125,297.15
139,297.15
153,297.15
167,297.15
181,297.15
194,297.15
208,297.15
222,297.15
236,297.15
250,297.15
264,297.15
278,297.15
292,297.15
306,297.15
319,297.15
333,297.15
347,297.15
361,297.15
375,297.15
389,297.15
403,297.15
417,297.15
430,297.15
444,297.15
458,297.15
472,297.15
486,297.15
500,297.15
514,297.15
528,297.15
542,297.15
555,297.15
569,297.15
583,297.15
597,297.15
611,297.15
625,297.15
639,297.15
653,297.15
666,297.15
680,297.15
694,297.15
708,297.15
722,297.15
736,297.15
750,297.15
764,297.15
778,297.15
791,297.15
805,297.15
819,297.15
833,297.15
847,297.15
861,297.15
875,297.15
889,297.15
902,297.15
916,297.15
930,297.15
944,297.15
958,297.15
972,297.15
986,297.15
1000,297.15
1014,297.15
1027,297.15
1041,297.15
1055,297.15
1069,297.15
1083,297.15
1097,297.15
1111,297.15
1125,297.15
1139,297.15
1152,297.15
1166,297.15
1180,297.15
1194,297.15
1208,297.15
1222,297.15
1236,297.15
1250,297.15
1263,297.15
1277,297.15
1291,297.15
1305,297.15
1319,297.15
1333,297.15
1347,297.15
1361,297.15
1375,297.15
1388,297.15
1402,297.15
1416,297.15
1430,297.15
1444,297.15
1458,297.15
1472,297.15
1486,297.15
1499,297.15
1513,297.15
1527,297.15
1541,297.15
1555,297.15
1569,297.15
1583,297.15
1597,297.15
1611,297.15
1624,297.15
1638,297.15
1652,297.15
1666,297.15
1680,297.15
1694,297.15
1708,297.15
1722,297.15
1735,297.15
1749,297.15
1763,297.15
1777,297.15
1791,297.15
1805,297.15
1819,297.15
1833,297.15
1847,297.15
1860,297.15
1874,297.15
1888,297.15
1902,297.15
1916,297.15
1930,297.15
1944,297.15
1958,297.15
1972,297.15
1985,297.15
1999,297.15
2013,297.15
2027,297.15
2041,297.15
2055,297.15
2069,297.15
2083,297.15
2096,297.15
2110,297.15
2124,297.15
2138,297.15
2152,297.15
2166,297.15
2180,297.15
2194,297.15
2208,297.15
2221,297.15
2235,297.15
2249,297.15
2263,297.15
2277,297.15
2291,297.15
2305,297.15
2319,297.15
2332,297.15
2346,297.15
2360,297.15
2374,297.15
2388,297.15
2402,297.15
2416,297.15
2430,297.15
2444,297.15
2457,297.15
2471,297.15
2485,297.15
2499,297.15
2513,297.15
2527,297.15
2541,297.15
2555,297.15
2568,297.15
2582,297.15
2596,297.15
2610,297.15
2624,297.15
2638,297.15
2652,297.15
2666,297.15
2680,297.15
2693,297.15
2707,297.15
2721,297.15
2735,297.15
2749,297.15
2763,297.15
2777,297.15
2791,297.15
2804,297.15
2818,297.15
2832,297.15
2846,297.15
2860,297.15
2874,297.15
2888,297.15
2902,297.15
2916,297.15
2929,297.15
2943,297.15
2957,297.15
2971,297.15
2985,297.15
2999,297.15
3013,297.15
3027,297.15
3041,297.15
3054,297.15
3068,297.15
3082,297.15
3096,297.15
3110,297.15
3124,297.15
3138,297.15
3152,297.15
3165,297.15
3179,297.15
3193,297.15
3207,297.15
3221,297.15
3235,297.15
3249,297.15
3263,297.15
3277,297.15
3290,297.15
3304,297.15
3318,297.15
3332,297.15
3346,297.15
3360,297.15
3374,297.15
3388,297.15
3401,297.15
3415,297.15
3429,297.15
3443,297.15
3457,297.15
3471,297.15
3485,297.15
3499,297.15
3513,297.15
3526,297.15
3540,297.15
3554,297.15
3568,297.15
3582,297.15
3596,297.15
3610,297.15
3624,297.15
3637,297.15
3651,297.15
3665,297.15
3679,297.15
3693,297.15
3707,297.15
3721,297.15
3735,297.15
3749,297.15
3762,297.15
3776,297.15
3790,297.15
3804,297.15
3818,297.15
3832,297.15
3846,297.15
3860,297.15
3873,297.15
3887,297.15
3901,297.15
3915,297.15
3929,297.15
3943,297.15
3957,297.15
3971,297.15
3985,297.15
3998,297.15
4012,297.15
4026,297.15
4040,297.15
4054,297.15
4068,297.15
4082,297.15
4096,297.15
4110,297.15
4123,297.15
4137,297.15
4151,297.15
4165,297.15
4179,297.15
4193,297.15
4207,297.15
4221,297.15
4234,297.15
4248,297.15
4262,297.15
4276,297.15
4290,297.15
4304,297.15
4318,297.15
4332,297.15
4346,297.15
4359,297.15
4373,297.15
4387,297.15
4401,297.15
4415,297.15
4429,297.15
4443,297.15
4457,297.15
4470,297.15
4484,297.15
4498,297.15
4512,297.15
4526,297.15
4540,297.15
4554,297.15
4568,297.15
4582,297.15
4595,297.15
4609,297.15
4623,297.15
4637,297.15
4651,297.15
4665,297.15
4679,297.15
4693,297.15
4706,297.15
4720,297.15
4734,297.15
4748,297.15
4762,297.15
4776,297.15
4790,297.15
4804,297.15
4818,297.15
4831,297.15
4845,297.15
4859,297.15
4873,297.15
4887,297.15
4901,297.15
4915,297.15
4929,297.15
4943,297.15
4956,297.15
4970,297.15
4984,297.15
4998,297.15
5012,297.15
5026,297.15
5040,297.15
5054,297.15
5067,297.15
5081,297.15
5095,297.15
5109,297.15
5123,297.15
5137,297.15
5151,297.15
5165,297.15
5179,297.15
5192,297.15
5206,297.15
5220,297.15
5234,297.15
5248,297.15
5262,297.15
5276,297.15
5290,297.15
5303,297.15
5317,297.15
5331,297.15
5345,297.15
5359,297.15
5373,297.15
5387,297.15
5401,297.15
5415,297.15
5428,297.15
5442,297.15
5456,297.15
5470,297.15
5484,297.15
5498,297.15
5512,297.15
5526,297.15
5539,297.15
5553,297.15
5567,297.15
5581,297.15
5595,297.15
5609,297.15
5623,297.15
5637,297.15
5651,297.15
5664,297.15
5678,297.15
5692,297.15
5706,297.15
5720,297.15
5734,297.15
5748,297.15
5762,297.15
5775,297.15
5789,297.15
5803,297.15
5817,297.15
5831,297.15
5845,297.15
5859,297.15
5873,297.15
5887,297.15
5900,297.15
5914,297.15
5928,297.15
5942,297.15
5956,297.15
5970,297.15
5984,297.15
5998,297.15
6012,297.15
6025,297.15
6039,297.15
6053,297.15
6067,297.15
6081,297.15
6095,297.15
6109,297.15
6123,297.15
6136,297.15
6150,297.15
6164,297.15
6178,297.15
6192,297.15
6206,297.15
6220,297.15
6234,297.15
6248,297.15
6261,297.15
6275,297.15
6289,297.15
6303,297.15
6317,297.15
6331,297.15
6345,297.15
6359,297.15
6372,297.15
6386,297.15
6400,297.15
6414,297.15
6428,297.15
6442,297.15
6456,297.15
6470,297.15
6484,297.15
6497,297.15
6511,297.15
6525,297.15
6539,297.15
6553,297.15
6567,297.15
6581,297.15
6595,297.15
6608,297.15
6622,297.15
6636,297.15
6650,297.15
6664,297.15
6678,297.15
6692,297.15
6706,297.15
6720,297.15
6733,297.15
6747,297.15
6761,297.15
6775,297.15
6789,297.15
6803,297.15
6817,297.15
6831,297.15
6844,297.15
6858,297.15
6872,297.15
6886,297.15
6900,297.15
6914,297.15
6928,297.15
6942,297.15
6956,297.15
6969,297.15
6983,297.15
6997,297.15
7011,297.15
7025,297.15
7039,297.15
7053,297.15
7067,297.15
7081,297.15
7094,297.15
7108,297.15
7122,297.15
7136,297.15
7150,297.15
7164,297.15
7178,297.15
7192,297.15
7205,297.15
7219,297.15
7233,297.15
7247,297.15
7261,297.15
7275,297.15
7289,297.15
7303,297.15
7317,297.15
7330,297.15
7344,297.15
7358,297.15
7372,297.15
7386,297.15
7400,297.15
7414,297.15
7428,297.15
7441,297.15
7455,297.15
7469,297.15
7483,297.15
7497,297.15
7511,297.15
7525,297.15
7539,297.15
7553,297.15
7566,297.15
7580,297.15
7594,297.15
7608,297.15
7622,297.15
7636,297.15
7650,297.15
7664,297.15
7677,297.15
7691,297.15
7705,297.15
7719,297.15
7733,297.15
7747,297.15
7761,297.15
7775,297.15
7789,297.15
7802,297.15
7816,297.15
7830,297.15
7844,297.15
7858,297.15
7872,297.15
7886,297.15
7900,297.15
7914,297.15
7927,297.15
7941,297.15
7955,297.15
7969,297.15
7983,297.15
7997,297.15
8011,297.15
8025,297.15
8038,297.15
8052,297.15
8066,297.15
8080,297.15
8094,297.15
8108,297.15
8122,297.15
8136,297.15
8150,297.15
8163,297.15
8177,297.15
8191,297.15
8205,297.15
8219,297.15
8233,297.15
8247,297.15
8261,297.15
8274,297.15
8288,297.15
8302,297.15
8316,297.15
8330,297.15
8344,297.15
8358,297.15
8372,297.15
8386,297.15
8399,297.15
8413,297.15
8427,297.15
8441,297.15
8455,297.15
8469,297.15
8483,297.15
8497,297.15
8510,297.15
8524,297.15
8538,297.15
8552,297.15
8566,297.15
8580,297.15
8594,297.15
8608,297.15
8622,297.15
8635,297.15
8649,297.15
8663,297.15
8677,297.15
8691,297.15
8705,297.15
8719,297.15
8733,297.15
8746,297.15
8760,297.15
8774,297.15
8788,297.15
8802,297.15
8816,297.15
8830,297.15
8844,297.15
8858,297.15
8871,297.15
8885,297.15
8899,297.15
8913,297.15
8927,297.15
8941,297.15
8955,297.15
8969,297.15
8982,297.15
8996,297.15
9010,297.15
9024,297.15
9038,297.15
9052,297.15
9066,297.15
9080,297.15
9094,297.15
9107,297.15
9121,297.15
9135,297.15
9149,297.15
9163,297.15
9177,297.15
9191,297.15
9205,297.15
9219,297.15
9232,297.15
9246,297.15
9260,297.15
9274,297.15
9288,297.15
9302,297.15
9316,297.15
9330,297.15
9343,297.15
9357,297.15
9371,297.15
9385,297.15
9399,297.15
9413,297.15
9427,297.15
9441,297.15
9455,297.15
9468,297.15
9482,297.15
9496,297.15
9510,297.15
9524,297.15
9538,297.15
9552,297.15
9566,297.15
9579,297.15
9593,297.15
9607,297.15
9621,297.15
9635,297.15
9649,297.15
9663,297.15
9677,297.15
9691,297.15
9704,297.15
9718,297.15
9732,297.15
9746,297.15
9760,297.15
9774,297.15
9788,297.15
9802,297.15
9816,297.15
9829,297.15
9843,297.15
9857,297.15
9871,297.15
9885,297.15
9899,297.15
9913,297.15
9927,297.15
9940,297.15
9954,297.15
9968,297.15
9982,297.15
9996,297.15
10010,297.15
10024,297.15
10038,297.15
10052,297.15
10065,297.15
10079,297.15
10093,297.15
10107,297.15
10121,297.15
10135,297.15
10149,297.15
10163,297.15
10176,297.15
10190,297.15
10204,297.15
10218,297.15
10232,297.15
10246,297.15
10260,297.15
10274,297.15
10288,297.15
10301,297.15
10315,297.15
10329,297.15
10343,297.15
10357,297.15
10371,297.15
10385,297.15
10399,297.15
10412,297.15
10426,297.15
10440,297.15
10454,297.15
10468,297.15
10482,297.15
10496,297.15
10510,297.15
10524,297.15
10537,297.15
10551,297.15
10565,297.15
10579,297.15
10593,297.15
10607,297.15
10621,297.15
10635,297.15
10648,297.15
10662,297.15
10676,297.15
10690,297.15
10704,297.15
10718,297.15
10732,297.15
10746,297.15
10760,297.15
10773,297.15
10787,297.15
10801,297.15
10815,297.15
10829,297.15
10843,297.15
10857,297.15
10871,297.15
10885,297.15
10898,297.15
10912,297.15
10926,297.15
10940,297.15
10954,297.15
10968,297.15
10982,297.15
10996,297.15
11009,297.15
11023,297.15
11037,297.15
11051,297.15
11065,297.15
11079,297.15
11093,297.15
11107,297.15
11121,297.15
11134,297.15
11148,297.15
11162,297.15
11176,297.15
11190,297.15
11204,297.15
11218,297.15
11232,297.15
11245,297.15
11259,297.15
11273,297.15
11287,297.15
11301,297.15
11315,297.15
11329,297.15
11343,297.15
11357,297.15
11370,297.15
11384,297.15
11398,297.15
11412,297.15
11426,297.15
11440,297.15
11454,297.15
11468,297.15
11481,297.15
11495,297.15
11509,297.15
11523,297.15
11537,297.15
11551,297.15
11565,297.15
11579,297.15
11593,297.15
11606,297.15
11620,297.15
11634,297.15
11648,297.15
11662,297.15
11676,297.15
11690,297.15
11704,297.15
11717,297.15
11731,297.15
11745,297.15
11759,297.15
11773,297.15
11787,297.15
11801,297.15
11815,297.15
11829,297.15
11842,297.15
11856,297.15
11870,297.15
11884,297.15
11898,297.15
11912,297.15
11926,297.15
11940,297.15
11954,297.15
11967,297.15
11981,297.15
11995,297.15
12009,297.15
12023,297.15
12037,297.15
12051,297.15
12065,297.15
12078,297.15
12092,297.15
12106,297.15
12120,297.15
12134,297.15
12148,297.15
12162,297.15
12176,297.15
12190,297.15
12203,297.15
12217,297.15
12231,297.15
12245,297.15
12259,297.15
12273,297.15
12287,297.15
12301,297.15
12314,297.15
12328,297.15
12342,297.15
12356,297.15
12370,297.15
12384,297.15
12398,297.15
12412,297.15
12426,297.15
12439,297.15
12453,297.15
12467,297.15
12481,297.15
12495,297.15
12509,297.15
12523,297.15
12537,297.15
12550,297.15
12564,297.15
12578,297.15
12592,297.15
12606,297.15
12620,297.15
12634,297.15
12648,297.15
12662,297.15
12675,297.15
12689,297.15
12703,297.15
12717,297.15
12731,297.15
12745,297.15
12759,297.15
12773,297.15
12786,297.15
12800,297.15
12814,297.15
12828,297.15
12842,297.15
12856,297.15
12870,297.15
12884,297.15
12898,297.15
12911,297.15
12925,297.15
12939,297.15
12953,297.15
12967,297.15
12981,297.15
12995,297.15
13009,297.15
13023,297.15
13036,297.15
13050,297.15
13064,297.15
13078,297.15
13092,297.15
13106,297.15
13120,297.15
13134,297.15
13147,297.15
13161,297.15
13175,297.15
13189,297.15
13203,297.15
13217,297.15
13231,297.15
13245,297.15
13259,297.15
13272,297.15
13286,297.15
13300,297.15
13314,297.15
13328,297.15
13342,297.15
13356,297.15
13370,297.15
13383,297.15
13397,297.15
13411,297.15
13425,297.15
13439,297.15
13453,297.15
13467,297.15
13481,297.15
13495,297.15
13508,297.15
13522,297.15
13536,297.15
13550,297.15
13564,297.15
13578,297.15
13592,297.15
13606,297.15
13619,297.15
13633,297.15
13647,297.15
13661,297.15
13675,297.15
13689,297.15
13703,297.15
13717,297.15
13731,297.15
13744,297.15
13758,297.15
13772,297.15
13786,297.15
13800,297.15
13814,297.15
13828,297.15
13842,297.15
13856,297.15
13869,297.15
13883,297.15
13897,297.15
13911,297.15
13925,297.15
13939,297.15
13953,297.15
13967,297.15
13980,297.15
13994,297.15
14008,297.15
14022,297.15
14036,297.15
14050,297.15
14064,297.15
14078,297.15
14092,297.15
14105,297.15
14119,297.15
14133,297.15
14147,297.15
14161,297.15
14175,297.15
14189,297.15
14203,297.15
14216,297.15
14230,297.15
14244,297.15
14258,297.15
14272,297.15
14286,297.15
14300,297.15
14314,297.15
14328,297.15
14341,297.15
14355,297.15
14369,297.15
14383,297.15
14397,297.15
14411,297.15
14425,297.15
14439,297.15
14452,297.15
14466,297.15
14480,297.15
14494,297.15
14508,297.15
14522,297.15
14536,297.15
14550,297.15
14564,297.15
14577,297.15
14591,297.15
14605,297.15
14619,297.15
14633,297.15
14647,297.15
14661,297.15
14675,297.15
14688,297.15
14702,297.15
14716,297.15
14730,297.15
14744,297.15
14758,297.15
14772,297.15
14786,298.15
14800,297.15
14813,297.15
14827,298.15
14841,297.15
14855,297.15
14869,298.15
14883,297.15
14897,297.15
14911,297.15
14924,297.15
14938,298.15
14952,297.15
14966,297.15
14980,298.15
14994,297.15
15008,297.15
15022,298.15
15036,297.15
15049,297.15
15063,298.15
15077,297.15
15091,298.15
15105,298.15
15119,297.15
15133,298.15
15147,298.15
15161,297.15
15174,298.15
15188,298.15
15202,297.15
15216,297.15
15230,297.15
15244,297.15
15258,298.15
15272,297.15
15285,298.15
15299,298.15
15313,297.15
15327,297.15
15341,298.15
15355,297.15
15369,298.15
15383,298.15
15397,297.15
15410,298.15
15424,298.15
15438,298.15
15452,298.15
15466,298.15
15480,298.15
15494,298.15
15508,298.15
15521,298.15
15535,298.15
15549,298.15
15563,298.15
15577,298.15
15591,298.15
15605,299.15
15619,299.15
15633,299.15
15646,299.15
15660,299.15
15674,300.15
15688,300.15
15702,300.15
15716,300.15
15730,301.15
15744,301.15
15757,301.15
15771,301.15
15785,301.15
15799,302.15
15813,302.15
15827,302.15
15841,302.15
15855,303.15
15869,303.15
15882,303.15
15896,303.15
15910,303.15
15924,303.15
15938,304.15
15952,304.15
15966,304.15
15980,304.15
15994,304.15
16007,305.15
16021,305.15
16035,305.15
16049,305.15
16063,305.15
16077,305.15
16091,305.15
16105,306.15
16118,306.15
16132,306.15
16146,306.15
16160,306.15
16174,306.15
16188,307.15
16202,307.15
16216,307.15
16230,307.15
16243,307.15
16257,307.15
16271,307.15
16285,308.15
16299,308.15
16313,308.15
16327,308.15
16341,308.15
16354,308.15
16368,308.15
16382,308.15
16396,308.15
16410,309.15
16424,309.15
16438,309.15
16452,309.15
16466,309.15
16479,309.15
16493,309.15
16507,309.15
16521,309.15
16535,309.15
16549,310.15
16563,310.15
16577,310.15
16590,310.15
16604,310.15
16618,310.15
16632,310.15
16646,310.15
16660,310.15
16674,311.15
16688,311.15
16702,311.15
16715,311.15
16729,311.15
16743,311.15
16757,311.15
16771,311.15
16785,311.15
16799,311.15
16813,311.15
16826,312.15
16840,312.15
16854,312.15
16868,312.15
16882,312.15
16896,312.15
16910,312.15
16924,312.15
16938,312.15
16951,312.15
16965,312.15
16979,313.15
16993,313.15
17007,313.15
17021,313.15
17035,313.15
17049,313.15
17063,313.15
17076,313.15
17090,313.15
17104,313.15
17118,313.15
17132,314.15
17146,314.15
17160,314.15
17174,314.15
17187,314.15
17201,314.15
17215,314.15
17229,314.15
17243,314.15
17257,314.15
17271,314.15
17285,314.15
17299,314.15
17312,314.15
17326,314.15
17340,315.15
17354,315.15
17368,315.15
17382,315.15
17396,315.15
17410,315.15
17423,315.15
17437,315.15
17451,315.15
17465,315.15
17479,315.15
17493,315.15
17507,315.15
17521,316.15
17535,316.15
17548,316.15
17562,316.15
17576,316.15
17590,316.15
17604,317.15
17618,317.15
17632,317.15
17646,317.15
17660,317.15
17673,318.15
17687,318.15
17701,318.15
17715,318.15
17729,319.15
17743,319.15
17757,319.15
17771,320.15
17784,320.15
17798,320.15
17812,320.15
17826,320.15
17840,321.15
17854,321.15
17868,321.15
17882,321.15
17896,322.15
17909,322.15
17923,322.15
17937,322.15
17951,322.15
17965,323.15
17979,323.15
17993,323.15
18007,323.15
18020,323.15
18034,324.15
18048,324.15
18062,324.15
18076,324.15
18090,325.15
18104,325.15
18118,325.15
18132,325.15
18145,325.15
18159,325.15
18173,326.15
18187,326.15
18201,326.15
18215,326.15
18229,326.15
18243,327.15
18256,327.15
18270,327.15
18284,327.15
18298,327.15
18312,327.15
18326,327.15
18340,328.15
18354,328.15
18368,328.15
18381,328.15
18395,328.15
18409,328.15
18423,329.15
18437,329.15
18451,329.15
18465,329.15
18479,329.15
18492,329.15
18506,329.15
18520,330.15
18534,330.15
18548,330.15
18562,330.15
18576,330.15
18590,330.15
18604,330.15
18617,331.15
18631,331.15
18645,331.15
18659,331.15
18673,331.15
18687,331.15
18701,331.15
18715,332.15
18729,332.15
18742,332.15
18756,332.15
18770,332.15
18784,332.15
18798,333.15
18812,333.15
18826,333.15
18840,333.15
18853,333.15
18867,333.15
18881,333.15
18895,334.15
18909,334.15
18923,334.15
18937,334.15
18951,334.15
18965,334.15
18978,334.15
18992,335.15
19006,335.15
19020,335.15
19034,335.15
19048,335.15
19062,335.15
19076,335.15
19089,336.15
19103,336.15
19117,336.15
19131,336.15
19145,336.15
19159,336.15
19173,336.15
19187,337.15
19201,337.15
19214,337.15
19228,337.15
19242,337.15
19256,337.15
19270,338.15
19284,338.15
19298,338.15
19312,338.15
19325,338.15
19339,338.15
19353,339.15
19367,339.15
19381,339.15
19395,339.15
19409,339.15
19423,340.15
19437,340.15
19450,340.15
19464,340.15
19478,340.15
19492,341.15
19506,341.15
19520,341.15
19534,341.15
19548,341.15
19561,342.15
19575,342.15
19589,342.15
19603,342.15
19617,342.15
19631,343.15
19645,343.15
19659,343.15
19673,343.15
19686,343.15
19700,343.15
19714,344.15
19728,344.15
19742,344.15
19756,344.15
19770,344.15
19784,345.15
19798,345.15
19811,345.15
19825,345.15
19839,345.15
19853,345.15
19867,346.15
19881,346.15
19895,346.15
19909,346.15
19922,346.15
19936,346.15
19950,346.15
19964,347.15
19978,347.15
19992,347.15
20006,347.15
20020,347.15
20034,347.15
20047,347.15
20061,348.15
20075,348.15
20089,348.15
20103,348.15
20117,348.15
20131,348.15
20145,349.15
20158,349.15
20172,349.15
20186,349.15
20200,350.15
20214,350.15
20228,350.15
20242,350.15
20256,350.15
20270,351.15
20283,351.15
20297,351.15
20311,352.15
20325,352.15
20339,352.15
20353,352.15
20367,352.15
20381,353.15
20394,353.15
20408,353.15
20422,353.15
20436,354.15
20450,354.15
20464,354.15
20478,354.15
20492,355.15
20506,355.15
20519,355.15
20533,355.15
20547,355.15
20561,356.15
20575,356.15
20589,356.15
20603,356.15
20617,357.15
20630,357.15
20644,357.15
20658,358.15
20672,358.15
20686,358.15
20700,358.15
20714,359.15
20728,359.15
20742,359.15
20755,359.15
20769,360.15
20783,360.15
20797,360.15
20811,361.15
20825,361.15
20839,361.15
20853,361.15
20867,362.15
20880,362.15
20894,362.15
20908,363.15
20922,363.15
20936,363.15
20950,364.15
20964,364.15
20978,364.15
20991,364.15
21005,365.15
21019,365.15
21033,365.15
21047,366.15
21061,366.15
21075,366.15
21089,366.15
21103,367.15
21116,367.15
21130,367.15
21144,368.15
21158,368.15
21172,368.15
21186,368.15
21200,369.15
21214,369.15
21227,369.15
21241,369.15
21255,370.15
21269,370.15
21283,370.15
21297,371.15
21311,371.15
21325,371.15
21339,371.15
21352,372.15
21366,372.15
21380,372.15
21394,372.15
21408,373.15
21422,373.15
21436,373.15
21450,373.15
21463,374.15
21477,374.15
21491,374.15
21505,374.15
21519,375.15
21533,375.15
21547,375.15
21561,375.15
21575,376.15
21588,376.15
21602,376.15
21616,376.15
21630,377.15
21644,377.15
21658,377.15
21672,377.15
21686,378.15
21700,378.15
21713,378.15
21727,378.15
21741,379.15
21755,379.15
21769,379.15
21783,379.15
21797,380.15
21811,380.15
21824,380.15
21838,380.15
21852,381.15
21866,381.15
21880,381.15
21894,381.15
21908,381.15
21922,382.15
21936,382.15
21949,382.15
21963,382.15
21977,382.15
21991,383.15
22005,383.15
22019,383.15
22033,383.15
22047,383.15
22060,384.15
22074,384.15
22088,384.15
22102,384.15
22116,385.15
22130,385.15
22144,385.15
22158,385.15
22172,386.15
22185,386.15
22199,386.15
22213,386.15
22227,387.15
22241,387.15
22255,387.15
22269,387.15
22283,388.15
22296,388.15
22310,388.15
22324,389.15
22338,389.15
22352,389.15
22366,389.15
22380,390.15
22394,390.15
22408,390.15
22421,390.15
22435,391.15
22449,391.15
22463,391.15
22477,392.15
22491,392.15
22505,392.15
22519,392.15
22532,392.15
22546,393.15
22560,393.15
22574,393.15
22588,393.15
22602,394.15
22616,394.15
22630,394.15
22644,394.15
22657,395.15
22671,395.15
22685,395.15
22699,395.15
22713,396.15
22727,396.15
22741,396.15
22755,396.15
22769,397.15
22782,397.15
22796,397.15
22810,397.15
22824,398.15
22838,398.15
22852,398.15
22866,398.15
22880,399.15
22893,399.15
22907,399.15
22921,399.15
22935,399.15
22949,400.15
22963,400.15
22977,400.15
22991,401.15
23005,401.15
23018,401.15
23032,401.15
23046,402.15
23060,402.15
23074,402.15
23088,402.15
23102,403.15
23116,403.15
23129,403.15
23143,404.15
23157,404.15
23171,404.15
23185,404.15
23199,405.15
23213,405.15
23227,405.15
23241,406.15
23254,406.15
23268,406.15
23282,407.15
23296,407.15
23310,407.15
23324,407.15
23338,408.15
23352,408.15
23366,408.15
23379,409.15
23393,409.15
23407,409.15
23421,409.15
23435,410.15
23449,410.15
23463,410.15
23477,411.15
23490,411.15
23504,411.15
23518,411.15
23532,412.15
23546,412.15
23560,412.15
23574,412.15
23588,413.15
23601,413.15
23615,413.15
23629,413.15
23643,414.15
23657,414.15
23671,414.15
23685,414.15
23699,415.15
23713,415.15
23726,415.15
23740,415.15
23754,416.15
23768,416.15
23782,416.15
23796,416.15
23810,417.15
23824,417.15
23838,417.15
23851,417.15
23865,418.15
23879,418.15
23893,418.15
23907,418.15
23921,418.15
23935,419.15
23949,419.15
23962,419.15
23976,419.15
23990,420.15
24004,420.15
24018,420.15
24032,421.15
24046,421.15
24060,421.15
24074,421.15
24087,422.15
24101,422.15
24115,422.15
24129,423.15
24143,423.15
24157,423.15
24171,424.15
24185,424.15
24198,424.15
24212,425.15
24226,425.15
24240,425.15
24254,426.15
24268,426.15
24282,426.15
24296,427.15
24310,427.15
24323,427.15
24337,427.15
24351,428.15
24365,428.15
24379,428.15
24393,429.15
24407,429.15
24421,429.15
24434,429.15
24448,430.15
24462,430.15
24476,430.15
24490,431.15
24504,431.15
24518,431.15
24532,432.15
24546,432.15
24559,432.15
24573,432.15
24587,433.15
24601,433.15
24615,433.15
24629,433.15
24643,434.15
24657,434.15
24670,434.15
24684,434.15
24698,435.15
24712,435.15
24726,435.15
24740,435.15
24754,436.15
24768,436.15
24782,436.15
24795,436.15
24809,437.15
24823,437.15
24837,437.15
24851,438.15
24865,438.15
24879,438.15
24893,438.15
24907,439.15
24920,439.15
24934,439.15
24948,440.15
24962,440.15
24976,440.15
24990,441.15
25004,441.15
25018,441.15
25031,442.15
25045,442.15
25059,442.15
25073,442.15
25087,443.15
25101,443.15
25115,443.15
25129,444.15
25143,444.15
25156,444.15
25170,444.15
25184,445.15
25198,445.15
25212,445.15
25226,446.15
25240,446.15
25254,446.15
25267,446.15
25281,447.15
25295,447.15
25309,447.15
25323,447.15
25337,448.15
25351,448.15
25365,448.15
25379,448.15
25392,449.15
25406,449.15
25420,449.15
25434,449.15
25448,449.15
25462,450.15
25476,450.15
25490,450.15
25503,451.15
25517,451.15
25531,451.15
25545,451.15
25559,452.15
25573,452.15
25587,452.15
25601,452.15
25615,453.15
25628,453.15
25642,453.15
25656,454.15
25670,454.15
25684,454.15
25698,455.15
25712,455.15
25726,455.15
25740,456.15
25753,456.15
25767,456.15
25781,457.15
25795,457.15
25809,457.15
25823,458.15
25837,458.15
25851,458.15
25864,458.15
25878,459.15
25892,459.15
25906,459.15
25920,459.15
25934,460.15
25948,460.15
25962,460.15
25976,461.15
25989,461.15
26003,461.15
26017,461.15
26031,462.15
26045,462.15
26059,462.15
26073,462.15
26087,463.15
26100,463.15
26114,463.15
26128,463.15
26142,464.15
26156,464.15
26170,464.15
26184,464.15
26198,465.15
26212,465.15
26225,465.15
26239,465.15
26253,466.15
26267,466.15
26281,466.15
26295,467.15
26309,467.15
26323,467.15
26336,467.15
26350,468.15
26364,468.15
26378,468.15
26392,469.15
26406,469.15
26420,469.15
26434,469.15
26448,470.15
26461,470.15
26475,470.15
26489,471.15
26503,471.15
26517,471.15
26531,472.15
26545,472.15
26559,472.15
26572,472.15
26586,473.15
26600,473.15
26614,473.15
26628,473.15
26642,474.15
26656,474.15
26670,474.15
26684,474.15
26697,475.15
26711,475.15
26725,475.15
26739,475.15
26753,476.15
26767,476.15
26781,476.15
26795,476.15
26809,477.15
26822,477.15
26836,477.15
26850,478.15
26864,478.15
26878,478.15
26892,479.15
26906,479.15
26920,479.15
26933,479.15
26947,480.15
26961,480.15
26975,480.15
26989,481.15
27003,481.15
27017,481.15
27031,482.15
27045,482.15
27058,482.15
27072,483.15
27086,483.15
27100,483.15
27114,484.15
27128,484.15
27142,484.15
27156,485.15
27169,485.15
27183,486.15
27197,486.15
27211,486.15
27225,486.15
27239,487.15
27253,487.15
27267,487.15
27281,488.15
27294,488.15
27308,488.15
27322,489.15
27336,489.15
27350,489.15
27364,489.15
27378,489.15
27392,490.15
27405,490.15
27419,490.15
27433,491.15
27447,491.15
27461,491.15
27475,491.15
27489,492.15
27503,492.15
27517,492.15
27530,493.15
27544,493.15
27558,493.15
27572,493.15
27586,494.15
27600,494.15
27614,495.15
27628,495.15
27641,495.15
27655,496.15
27669,496.15
27683,496.15
27697,497.15
27711,497.15
27725,497.15
27739,498.15
27753,498.15
27766,498.15
27780,499.15
27794,499.15
27808,499.15
27822,500.15
27836,500.15
27850,500.15
27864,500.15
27878,501.15
27891,501.15
27905,501.15
27919,501.15
27933,502.15
27947,502.15
27961,502.15
27975,502.15
27989,503.15
28002,503.15
28016,503.15
28030,503.15
28044,503.15
28058,504.15
28072,504.15
28086,504.15
28100,505.15
28114,505.15
28127,505.15
28141,505.15
28155,506.15
28169,506.15
28183,506.15
28197,507.15
28211,507.15
28225,507.15
28238,508.15
28252,508.15
28266,508.15
28280,509.15
28294,509.15
28308,509.15
28322,510.15
28336,510.15
28350,510.15
28363,511.15
28377,511.15
28391,511.15
28405,512.15
28419,512.15
28433,512.15
28447,512.15
28461,513.15
28474,513.15
28488,513.15
28502,514.15
28516,514.15
28530,514.15
28544,514.15
28558,515.15
28572,515.15
28586,515.15
28599,515.15
28613,515.15
28627,516.15
28641,516.15
28655,516.15
28669,516.15
28683,517.15
28697,517.15
28710,517.15
28724,517.15
28738,518.15
28752,518.15
28766,518.15
28780,519.15
28794,519.15
28808,519.15
28822,520.15
28835,520.15
28849,520.15
28863,521.15
28877,521.15
28891,521.15
28905,522.15
28919,522.15
28933,522.15
28947,523.15
28960,523.15
28974,523.15
28988,524.15
29002,524.15
29016,524.15
29030,524.15
29044,525.15
29058,525.15
29071,525.15
29085,525.15
29099,526.15
29113,526.15
29127,526.15
29141,526.15
29155,526.15
29169,527.15
29183,527.15
29196,527.15
29210,527.15
29224,527.15
29238,528.15
29252,528.15
29266,528.15
29280,529.15
29294,529.15
29307,529.15
29321,529.15
29335,530.15
29349,530.15
29363,530.15
29377,531.15
29391,531.15
29405,532.15
29419,532.15
29432,532.15
29446,533.15
29460,533.15
29474,533.15
29488,534.15
29502,534.15
29516,534.15
29530,535.15
29544,535.15
29557,535.15
29571,535.15
29585,536.15
29599,536.15
29613,536.15
29627,537.15
29641,537.15
29655,537.15
29668,537.15
29682,537.15
29696,538.15
29710,538.15
29724,538.15
29738,538.15
29752,538.15
29766,538.15
29780,539.15
29793,539.15
29807,539.15
29821,539.15
29835,539.15
29849,539.15
29863,539.15
29877,539.15
29891,539.15
29904,539.15
29918,540.15
29932,540.15
29946,540.15
29960,540.15
29974,540.15
29988,540.15
30002,540.15
30016,540.15
30029,540.15
30043,540.15
30057,540.15
30071,541.15
30085,541.15
30099,541.15
30113,541.15
30127,541.15
30140,541.15
30154,541.15
30168,541.15
30182,542.15
30196,542.15
30210,542.15
30224,542.15
30238,542.15
30252,542.15
30265,543.15
30279,543.15
30293,543.15
30307,543.15
30321,543.15
30335,543.15
30349,543.15
30363,543.15
30376,544.15
30390,544.15
30404,544.15
30418,544.15
30432,544.15
30446,544.15
30460,544.15
30474,544.15
30488,544.15
30501,544.15
30515,544.15
30529,544.15
30543,544.15
30557,544.15
30571,544.15
30585,544.15
30599,544.15
30612,544.15
30626,544.15
30640,544.15
30654,544.15
30668,544.15
30682,544.15
30696,544.15
30710,544.15
30724,543.15
30737,543.15
30751,543.15
30765,543.15
30779,543.15
30793,543.15
30807,543.15
30821,543.15
30835,543.15
30849,543.15
30862,543.15
30876,543.15
30890,543.15
30904,543.15
30918,543.15
30932,543.15
30946,542.15
30960,542.15
30973,542.15
30987,542.15
31001,542.15
31015,542.15
31029,542.15
31043,542.15
31057,542.15
31071,542.15
31085,542.15
31098,542.15
31112,542.15
31126,543.15
31140,543.15
31154,543.15
31168,543.15
31182,543.15
31196,543.15
31209,543.15
31223,543.15
31237,543.15
31251,543.15
31265,543.15
31279,543.15
31293,543.15
31307,543.15
31321,543.15
31334,543.15
31348,543.15
31362,543.15
31376,543.15
31390,543.15
31404,543.15
31418,543.15
31432,543.15
31446,543.15
31459,543.15
31473,543.15
31487,543.15
31501,543.15
31515,543.15
31529,543.15
31543,543.15
31557,543.15
31570,543.15
31584,543.15
31598,542.15
31612,542.15
31626,542.15
31640,542.15
31654,542.15
31668,542.15
31682,542.15
31695,542.15
31709,542.15
31723,542.15
31737,542.15
31751,542.15
31765,542.15
31779,541.15
31793,541.15
31806,541.15
31820,541.15
31834,541.15
31848,541.15
31862,541.15
31876,541.15
31890,541.15
31904,540.15
31918,540.15
31931,540.15
31945,540.15
31959,540.15
31973,540.15
31987,540.15
32001,540.15
32015,540.15
32029,539.15
32042,539.15
32056,539.15
32070,539.15
32084,539.15
32098,539.15
32112,539.15
32126,539.15
32140,538.15
32154,538.15
32167,538.15
32181,538.15
32195,538.15
32209,538.15
32223,538.15
32237,537.15
32251,537.15
32265,537.15
32278,537.15
32292,537.15
32306,537.15
32320,537.15
32334,536.15
32348,536.15
32362,536.15
32376,536.15
32390,536.15
32403,536.15
32417,536.15
32431,535.15
32445,535.15
32459,535.15
32473,535.15
32487,535.15
32501,535.15
32514,535.15
32528,534.15
32542,534.15
32556,534.15
32570,534.15
32584,534.15
32598,534.15
32612,533.15
32626,533.15
32639,533.15
32653,533.15
32667,533.15
32681,533.15
32695,533.15
32709,532.15
32723,532.15
32737,532.15
32751,532.15
32764,532.15
32778,532.15
32792,531.15
32806,531.15
32820,531.15
32834,531.15
32848,531.15
32862,531.15
32875,531.15
32889,530.15
32903,530.15
32917,530.15
32931,530.15
32945,530.15
32959,530.15
32973,530.15
32987,530.15
33000,529.15
33014,529.15
33028,529.15
33042,529.15
33056,529.15
33070,529.15
33084,529.15
33098,529.15
33111,529.15
33125,529.15
33139,529.15
33153,529.15
33167,529.15
33181,529.15
33195,529.15
33209,529.15
33223,529.15
33236,529.15
33250,529.15
33264,529.15
33278,529.15
33292,529.15
33306,529.15
33320,529.15
33334,529.15
33347,529.15
33361,529.15
33375,529.15
33389,529.15
33403,529.15
33417,529.15
33431,529.15
33445,529.15
33459,529.15
33472,528.15
33486,528.15
33500,528.15
33514,528.15
33528,528.15
33542,528.15
33556,528.15
33570,528.15
33584,528.15
33597,528.15
33611,528.15
33625,528.15
33639,528.15
33653,528.15
33667,528.15
33681,527.15
33695,527.15
33708,527.15
33722,527.15
33736,527.15
33750,527.15
33764,527.15
33778,527.15
33792,527.15
33806,527.15
33820,527.15
33833,526.15
33847,526.15
33861,526.15
33875,526.15
33889,526.15
33903,526.15
33917,526.15
33931,526.15
33944,526.15
33958,526.15
33972,525.15
33986,525.15
34000,525.15
34014,525.15
34028,525.15
34042,525.15
34056,525.15
34069,525.15
34083,525.15
34097,524.15
34111,524.15
34125,524.15
34139,524.15
34153,524.15
34167,524.15
34180,524.15
34194,524.15
34208,523.15
34222,523.15
34236,523.15
34250,523.15
34264,523.15
34278,523.15
34292,523.15
34305,522.15
34319,522.15
34333,522.15
34347,522.15
34361,522.15
34375,522.15
34389,522.15
34403,522.15
34416,521.15
34430,521.15
34444,521.15
34458,521.15
34472,521.15
34486,521.15
34500,521.15
34514,520.15
34528,520.15
34541,520.15
34555,520.15
34569,520.15
34583,520.15
34597,520.15
34611,519.15
34625,519.15
34639,519.15
34653,519.15
34666,519.15
34680,519.15
34694,519.15
34708,519.15
34722,518.15
34736,518.15
34750,518.15
34764,518.15
34777,518.15
34791,518.15
34805,518.15
34819,517.15
34833,517.15
34847,517.15
34861,517.15
34875,517.15
34889,517.15
34902,517.15
34916,516.15
34930,516.15
34944,516.15
34958,516.15
34972,516.15
34986,516.15
35000,516.15
35013,515.15
35027,515.15
35041,515.15
35055,515.15
35069,515.15
35083,515.15
35097,515.15
35111,514.15
35125,514.15
35138,514.15
35152,514.15
35166,514.15
35180,514.15
35194,513.15
35208,513.15
35222,513.15
35236,513.15
35249,513.15
35263,513.15
35277,513.15
35291,512.15
35305,512.15
35319,512.15
35333,512.15
35347,512.15
35361,512.15
35374,512.15
35388,511.15
35402,511.15
35416,511.15
35430,511.15
35444,511.15
35458,511.15
35472,511.15
35485,510.15
35499,510.15
35513,510.15
35527,510.15
35541,510.15
35555,510.15
35569,510.15
35583,509.15
35597,509.15
35610,509.15
35624,509.15
35638,509.15
35652,509.15
35666,508.15
35680,508.15
35694,508.15
35708,508.15
35722,508.15
35735,508.15
35749,508.15
35763,507.15
35777,507.15
35791,507.15
35805,507.15
35819,507.15
35833,507.15
35846,507.15
35860,506.15
35874,506.15
35888,506.15
35902,506.15
35916,506.15
35930,506.15
35944,505.15
35958,505.15
35971,505.15
35985,505.15
35999,505.15
36013,505.15
36027,505.15
36041,505.15
36055,504.15
36069,504.15
36082,504.15
36096,504.15
36110,504.15
36124,504.15
36138,503.15
36152,503.15
36166,503.15
36180,503.15
36194,503.15
36207,503.15
36221,503.15
36235,502.15
36249,502.15
36263,502.15
36277,502.15
36291,502.15
36305,502.15
36318,502.15
36332,501.15
36346,501.15
36360,501.15
36374,501.15
36388,501.15
36402,501.15
36416,501.15
36430,500.15
36443,500.15
36457,500.15
36471,500.15
36485,500.15
36499,500.15
36513,500.15
36527,499.15
36541,499.15
36555,499.15
36568,499.15
36582,499.15
36596,499.15
36610,499.15
36624,498.15
36638,498.15
36652,498.15
36666,498.15
36679,498.15
36693,498.15
36707,498.15
36721,497.15
36735,497.15
36749,497.15
36763,497.15
36777,497.15
36791,497.15
36804,497.15
36818,496.15
36832,496.15
36846,496.15
36860,496.15
36874,496.15
36888,496.15
36902,496.15
36915,495.15
36929,495.15
36943,495.15
36957,495.15
36971,495.15
36985,495.15
36999,495.15
37013,494.15
37027,494.15
37040,494.15
37054,494.15
37068,494.15
37082,494.15
37096,494.15
37110,493.15
37124,493.15
37138,493.15
37151,493.15
37165,493.15
37179,493.15
37193,493.15
37207,492.15
37221,492.15
37235,492.15
37249,492.15
37263,492.15
37276,492.15
37290,492.15
37304,492.15
37318,491.15
37332,491.15
37346,491.15
37360,491.15
37374,491.15
37387,491.15
37401,491.15
37415,490.15
37429,490.15
37443,490.15
37457,490.15
37471,490.15
37485,490.15
37499,490.15
37512,489.15
37526,489.15
37540,489.15
37554,489.15
37568,489.15
37582,489.15
37596,489.15
37610,489.15
37624,488.15
37637,488.15
37651,488.15
37665,488.15
37679,488.15
37693,488.15
37707,488.15
37721,487.15
37735,487.15
37748,487.15
37762,487.15
37776,487.15
37790,487.15
37804,487.15
37818,486.15
37832,486.15
37846,486.15
37860,486.15
37873,486.15
37887,486.15
37901,486.15
37915,486.15
37929,485.15
37943,485.15
37957,485.15
37971,485.15
37984,485.15
37998,485.15
38012,485.15
38026,484.15
38040,484.15
38054,484.15
38068,484.15
38082,484.15
38096,484.15
38109,484.15
38123,484.15
38137,483.15
38151,483.15
38165,483.15
38179,483.15
38193,483.15
38207,483.15
38220,483.15
38234,482.15
38248,482.15
38262,482.15
38276,482.15
38290,482.15
38304,482.15
38318,482.15
38332,482.15
38345,481.15
38359,481.15
38373,481.15
38387,481.15
38401,481.15
38415,481.15
38429,481.15
38443,481.15
38457,480.15
38470,480.15
38484,480.15
38498,480.15
38512,480.15
38526,480.15
38540,480.15
38554,480.15
38568,479.15
38581,479.15
38595,479.15
38609,479.15
38623,479.15
38637,479.15
38651,479.15
38665,479.15
38679,478.15
38693,478.15
38706,478.15
38720,478.15
38734,478.15
38748,478.15
38762,478.15
38776,478.15
38790,477.15
38804,477.15
38817,477.15
38831,477.15
38845,477.15
38859,477.15
38873,477.15
38887,477.15
38901,476.15
38915,476.15
38929,476.15
38942,476.15
38956,476.15
38970,476.15
38984,476.15
38998,476.15
39012,475.15
39026,475.15
39040,475.15
39053,475.15
39067,475.15
39081,475.15
39095,475.15
39109,475.15
39123,474.15
39137,474.15
39151,474.15
39165,474.15
39178,474.15
39192,474.15
39206,474.15
39220,474.15
39234,474.15
39248,473.15
39262,473.15
39276,473.15
39289,473.15
39303,473.15
39317,473.15
39331,473.15
39345,473.15
39359,473.15
39373,472.15
39387,472.15
39401,472.15
39414,472.15
39428,472.15
39442,472.15
39456,472.15
39470,472.15
39484,471.15
39498,471.15
39512,471.15
39525,471.15
39539,471.15
39553,471.15
39567,471.15
39581,471.15
39595,471.15
39609,470.15
39623,470.15
39637,470.15
39650,470.15
39664,470.15
39678,470.15
39692,470.15
39706,470.15
39720,469.15
39734,469.15
39748,469.15
39762,469.15
39775,469.15
39789,469.15
39803,469.15
39817,469.15
39831,469.15
39845,468.15
39859,468.15
39873,468.15
39886,468.15
39900,468.15
39914,468.15
39928,468.15
39942,468.15
39956,468.15
39970,467.15
39984,467.15
39998,467.15
40011,467.15
40025,467.15
40039,467.15
40053,467.15
40067,467.15
40081,467.15
40095,466.15
40109,466.15
40122,466.15
40136,466.15
40150,466.15
40164,466.15
40178,466.15
40192,466.15
40206,466.15
40220,465.15
40234,465.15
40247,465.15
40261,465.15
40275,465.15
40289,465.15
40303,465.15
40317,465.15
40331,465.15
40345,464.15
40358,464.15
40372,464.15
40386,464.15
40400,464.15
40414,464.15
40428,464.15
40442,464.15
40456,464.15
40470,463.15
40483,463.15
40497,463.15
40511,463.15
40525,463.15
40539,463.15
40553,463.15
40567,463.15
40581,463.15
40594,463.15
40608,462.15
40622,462.15
40636,462.15
40650,462.15
40664,462.15
40678,462.15
40692,462.15
40706,462.15
40719,462.15
40733,461.15
40747,461.15
40761,461.15
40775,461.15
40789,461.15
40803,461.15
40817,461.15
40831,461.15
40844,461.15
40858,460.15
40872,460.15
40886,460.15
40900,460.15
40914,460.15
40928,460.15
40942,460.15
40955,460.15
40969,460.15
40983,459.15
40997,459.15
41011,459.15
41025,459.15
41039,459.15
41053,459.15
41067,459.15
41080,459.15
41094,459.15
41108,459.15
41122,458.15
41136,458.15
41150,458.15
41164,458.15
41178,458.15
41191,458.15
41205,458.15
41219,458.15
41233,458.15
41247,457.15
41261,457.15
41275,457.15
41289,457.15
41303,457.15
41316,457.15
41330,457.15
41344,457.15
41358,457.15
41372,456.15
41386,456.15
41400,456.15
41414,456.15
41428,456.15
41441,456.15
41455,456.15
41469,456.15
41483,456.15
41497,456.15
41511,455.15
41525,455.15
41539,455.15
41552,455.15
41566,455.15
41580,455.15
41594,455.15
41608,455.15
41622,455.15
41636,454.15
41650,454.15
41664,454.15
41677,454.15
41691,454.15
41705,454.15
41719,454.15
41733,454.15
41747,454.15
41761,454.15
41775,453.15
41788,453.15
41802,453.15
41816,453.15
41830,453.15
41844,453.15
41858,453.15
41872,453.15
41886,453.15
41900,453.15
41913,452.15
41927,452.15
41941,452.15
41955,452.15
41969,452.15
41983,452.15
41997,452.15
42011,452.15
42024,452.15
42038,452.15
42052,451.15
42066,451.15
42080,451.15
42094,451.15
42108,451.15
42122,451.15
42136,451.15
42149,451.15
42163,451.15
42177,451.15
42191,450.15
42205,450.15
42219,450.15
42233,450.15
42247,450.15
42260,450.15
42274,450.15
42288,450.15
42302,450.15
42316,450.15
42330,449.15
42344,449.15
42358,449.15
42372,449.15
42385,449.15
42399,449.15
42413,449.15
42427,449.15
42441,449.15
42455,449.15
42469,448.15
42483,448.15
42497,448.15
42510,448.15
42524,448.15
42538,448.15
42552,448.15
42566,448.15
42580,448.15
42594,448.15
42608,448.15
42621,447.15
42635,447.15
42649,447.15
42663,447.15
42677,447.15
42691,447.15
42705,447.15
42719,447.15
42733,447.15
42746,447.15
42760,446.15
42774,446.15
42788,446.15
42802,446.15
42816,446.15
42830,446.15
42844,446.15
42857,446.15
42871,446.15
42885,446.15
42899,445.15
42913,445.15
42927,445.15
42941,445.15
42955,445.15
42969,445.15
42982,445.15
42996,445.15
43010,445.15
43024,445.15
43038,445.15
43052,444.15
43066,444.15
43080,444.15
43093,444.15
43107,444.15
43121,444.15
43135,444.15
43149,444.15
43163,444.15
43177,444.15
43191,444.15
43205,443.15
43218,443.15
43232,443.15
43246,443.15
43260,443.15
43274,443.15
43288,443.15
43302,443.15
43316,443.15
43330,443.15
43343,442.15
43357,442.15
43371,442.15
43385,442.15
43399,442.15
43413,442.15
43427,442.15
43441,442.15
43454,442.15
43468,442.15
43482,442.15
43496,441.15
43510,441.15
43524,441.15
43538,441.15
43552,441.15
43566,441.15
43579,441.15
43593,441.15
43607,441.15
43621,441.15
43635,441.15
43649,440.15
43663,440.15
43677,440.15
43690,440.15
43704,440.15
43718,440.15
43732,440.15
43746,440.15
43760,440.15
43774,440.15
43788,440.15
43802,439.15
43815,439.15
43829,439.15
43843,439.15
43857,439.15
43871,439.15
43885,439.15
43899,439.15
43913,439.15
43926,439.15
43940,439.15
43954,438.15
43968,438.15
43982,438.15
43996,438.15
44010,438.15
44024,438.15
44038,438.15
44051,438.15
44065,438.15
44079,438.15
44093,438.15
44107,438.15
44121,437.15
44135,437.15
44149,437.15
44162,437.15
44176,437.15
44190,437.15
44204,437.15
44218,437.15
44232,437.15
44246,437.15
44260,437.15
44274,436.15
44287,436.15
44301,436.15
44315,436.15
44329,436.15
44343,436.15
44357,436.15
44371,436.15
44385,436.15
44399,436.15
44412,436.15
44426,435.15
44440,435.15
44454,435.15
44468,435.15
44482,435.15
44496,435.15
44510,435.15
44523,435.15
44537,435.15
44551,435.15
44565,435.15
44579,435.15
44593,434.15
44607,434.15
44621,434.15
44635,434.15
44648,434.15
44662,434.15
44676,434.15
44690,434.15
44704,434.15
44718,434.15
44732,434.15
44746,433.15
44759,433.15
44773,433.15
44787,433.15
44801,433.15
44815,433.15
44829,433.15
44843,433.15
44857,433.15
44871,433.15
44884,433.15
44898,433.15
44912,432.15
44926,432.15
44940,432.15
44954,432.15
44968,432.15
44982,432.15
44995,432.15
45009,432.15
45023,432.15
45037,432.15
45051,432.15
45065,432.15
45079,432.15
45093,431.15
45107,431.15
45120,431.15
45134,431.15
45148,431.15
45162,431.15
45176,431.15
45190,431.15
45204,431.15
45218,431.15
45231,431.15
45245,430.15
45259,430.15
45273,430.15
45287,430.15
45301,430.15
45315,430.15
45329,430.15
45343,430.15
45356,430.15
45370,430.15
45384,430.15
45398,430.15
45412,429.15
45426,429.15
45440,429.15
45454,429.15
45468,429.15
45481,429.15
45495,429.15
45509,429.15
45523,429.15
45537,429.15
45551,429.15
45565,429.15
45579,429.15
45592,428.15
45606,428.15
45620,428.15
45634,428.15
45648,428.15
45662,428.15
45676,428.15
45690,428.15
45704,428.15
45717,428.15
45731,428.15
45745,428.15
45759,427.15
45773,427.15
45787,427.15
45801,427.15
45815,427.15
45828,427.15
45842,427.15
45856,427.15
45870,427.15
45884,427.15
45898,427.15
45912,427.15
45926,427.15
45940,426.15
45953,426.15
45967,426.15
45981,426.15
45995,426.15
46009,426.15
46023,426.15
46037,426.15
46051,426.15
46064,426.15
46078,426.15
46092,426.15
46106,426.15
46120,425.15
46134,425.15
46148,425.15
46162,425.15
46176,425.15
46189,425.15
46203,425.15
46217,425.15
46231,425.15
46245,425.15
46259,425.15
46273,425.15
46287,425.15
46301,424.15
46314,424.15
46328,424.15
46342,424.15
46356,424.15
46370,424.15
46384,424.15
46398,424.15
46412,424.15
46425,424.15
46439,424.15
46453,424.15
46467,424.15
46481,423.15
46495,423.15
46509,423.15
46523,423.15
46537,423.15
46550,423.15
46564,423.15
46578,423.15
46592,423.15
46606,423.15
46620,423.15
46634,423.15
46648,423.15
46661,423.15
46675,422.15
46689,422.15
46703,422.15
46717,422.15
46731,422.15
46745,422.15
46759,422.15
46773,422.15
46786,422.15
46800,422.15
46814,422.15
46828,422.15
46842,422.15
46856,422.15
46870,421.15
46884,421.15
46897,421.15
46911,421.15
46925,421.15
46939,421.15
46953,421.15
46967,421.15
46981,421.15
46995,421.15
47009,421.15
47022,421.15
47036,421.15
47050,421.15
47064,420.15
47078,420.15
47092,420.15
47106,420.15
47120,420.15
47134,420.15
47147,420.15
47161,420.15
47175,420.15
47189,420.15
47203,420.15
47217,420.15
47231,420.15
47245,419.15
47258,420.15
47272,419.15
47286,419.15
47300,419.15
47314,419.15
47328,419.15
47342,419.15
47356,419.15
47369,419.15
47383,419.15
47397,419.15
47411,419.15
47425,418.15
47439,418.15
47453,418.15
47467,418.15
47481,418.15
47494,418.15
47508,418.15
47522,418.15
47536,418.15
47550,418.15
47564,418.15
47578,418.15
47592,418.15
47606,418.15
47619,417.15
47633,417.15
47647,417.15
47661,417.15
47675,417.15
47689,417.15
47703,417.15
47717,417.15
47730,417.15
47744,417.15
47758,417.15
47772,417.15
47786,417.15
47800,417.15
47814,416.15
47828,416.15
47842,416.15
47855,416.15
47869,416.15
47883,416.15
47897,416.15
47911,416.15
47925,416.15
47939,416.15
47953,416.15
47966,416.15
47980,416.15
47994,416.15
48021,415.15
48036,415.15
48050,415.15
48064,415.15
48078,415.15
48091,415.15
48105,415.15
48119,415.15
48133,415.15
48147,415.15
48161,415.15
48175,415.15
48189,415.15
48202,414.15
48216,414.15
48230,414.15
48244,414.15
48258,414.15
48272,414.15
48286,414.15
48300,414.15
48314,414.15
48327,414.15
48341,414.15
48355,414.15
48369,414.15
48383,414.15
48397,414.15
48411,413.15
48425,413.15
48439,413.15
48452,413.15
48466,413.15
48480,413.15
48494,413.15
48508,413.15
48522,413.15
48536,413.15
48550,413.15
48563,413.15
48577,413.15
48591,413.15
48605,413.15
48619,412.15
48633,412.15
48647,412.15
48661,412.15
48675,412.15
48688,412.15
48702,412.15
48716,412.15
48730,412.15
48744,412.15
48758,412.15
48772,412.15
48786,412.15
48799,412.15
48813,412.15
48827,411.15
48841,411.15
48855,411.15
48869,411.15
48883,411.15
48897,411.15
48911,411.15
48924,411.15
48938,411.15
48952,411.15
48966,411.15
48980,411.15
48994,411.15
49008,411.15
49022,410.15
49035,410.15
49049,410.15
49063,410.15
49077,410.15
49091,410.15
49105,410.15
49119,410.15
49133,410.15
49147,410.15
49160,410.15
49174,410.15
49188,410.15
49202,410.15
49216,410.15
49230,409.15
49244,409.15
49258,409.15
49271,409.15
49285,409.15
49299,409.15
49313,409.15
49327,409.15
49341,409.15
49355,409.15
49369,409.15
49383,409.15
49396,409.15
49410,409.15
49424,409.15
49438,409.15
49452,408.15
49466,408.15
49480,408.15
49494,408.15
49508,408.15
49521,408.15
49535,408.15
49549,408.15
49563,408.15
49577,408.15
49591,408.15
49605,408.15
49619,408.15
49632,408.15
49646,408.15
49660,407.15
49674,407.15
49688,407.15
49702,407.15
49716,407.15
49730,407.15
49744,407.15
49757,407.15
49771,407.15
49785,407.15
49799,407.15
49813,407.15
49827,407.15
49841,407.15
49855,407.15
49868,407.15
49882,406.15
49896,406.15
49910,406.15
49924,406.15
49938,406.15
49952,406.15
49966,406.15
49980,406.15
49993,406.15
50007,406.15
50021,406.15
50035,406.15
50049,406.15
50063,406.15
50077,406.15
50091,406.15
50104,406.15
50118,405.15
50132,405.15
50146,405.15
50160,405.15
50174,405.15
50188,405.15
50202,405.15
50216,405.15
50229,405.15
50243,405.15
50257,405.15
50271,405.15
50285,405.15
50299,405.15
50313,405.15
50327,404.15
50340,404.15
50354,404.15
50368,404.15
50382,404.15
50396,404.15
50410,404.15
50424,404.15
50438,404.15
50452,404.15
50465,404.15
50479,404.15
50493,404.15
50507,404.15
50521,404.15
50535,404.15
50549,404.15
50563,403.15
50577,403.15
50590,403.15
50604,403.15
50618,403.15
50632,403.15
50646,403.15
50660,403.15
50674,403.15
50688,403.15
50701,403.15
50715,403.15
50729,403.15
50743,403.15
50757,403.15
50771,403.15
50785,402.15
50799,402.15
50813,402.15
50826,402.15
50840,402.15
50854,402.15
50868,402.15
50882,402.15
50896,402.15
50910,402.15
50924,402.15
50937,402.15
50951,402.15
50965,402.15
50979,402.15
50993,402.15
51007,402.15
51021,401.15
51035,401.15
51049,401.15
51062,401.15
51076,401.15
51090,401.15
51104,401.15
51118,401.15
51132,401.15
51146,401.15
51160,401.15
51173,401.15
51187,401.15
51201,401.15
51215,401.15
51229,401.15
51243,401.15
51257,401.15
51271,400.15
51285,400.15
51298,400.15
51312,400.15
51326,400.15
51340,400.15
51354,400.15
51368,400.15
51382,400.15
51396,400.15
51410,400.15
51423,400.15
51437,400.15
51451,400.15
51465,400.15
51479,400.15
51493,400.15
51507,399.15
51521,399.15
51534,399.15
51548,399.15
51562,399.15
51576,399.15
51590,399.15
51604,399.15
51618,399.15
51632,399.15
51646,399.15
51659,399.15
51673,399.15
51687,399.15
51701,399.15
51715,399.15
51729,399.15
51743,398.15
51757,398.15
51770,398.15
51784,398.15
51798,398.15
51812,398.15
51826,398.15
51840,398.15
51854,398.15
51868,398.15
51882,398.15
51895,398.15
51909,398.15
51923,398.15
51937,398.15
51951,398.15
51965,398.15
51979,398.15
51993,398.15
52006,397.15
52020,397.15
52034,397.15
52048,397.15
52062,397.15
52076,397.15
52090,397.15
52104,397.15
52118,397.15
52131,397.15
52145,397.15
52159,397.15
52173,397.15
52187,397.15
52201,397.15
52215,397.15
52229,397.15
52242,396.15
52256,396.15
52270,396.15
52284,396.15
52298,396.15
52312,396.15
52326,396.15
52340,396.15
52354,396.15
52367,396.15
52381,396.15
52395,396.15
52409,396.15
52423,396.15
52437,396.15
52451,396.15
52465,396.15
52479,396.15
52492,396.15
52506,395.15
52520,395.15
52534,395.15
52548,395.15
52562,395.15
52576,395.15
52590,395.15
52603,395.15
52617,395.15
52631,395.15
52645,395.15
52659,395.15
52673,395.15
52687,395.15
52701,395.15
52715,395.15
52728,395.15
52742,395.15
52756,394.15
52770,394.15
52784,394.15
52798,394.15
52812,394.15
52826,394.15
52839,394.15
52853,394.15
52867,394.15
52881,394.15
52895,394.15
52909,394.15
52923,394.15
52937,394.15
52951,394.15
52964,394.15
52978,394.15
52992,394.15
53006,394.15
53020,394.15
53034,393.15
53048,393.15
53062,393.15
53075,393.15
53089,393.15
53103,393.15
53117,393.15
53131,393.15
53145,393.15
53159,393.15
53173,393.15
53187,393.15
53200,393.15
53214,393.15
53228,393.15
53242,393.15
53256,393.15
53270,393.15
53284,393.15
53298,393.15
53312,392.15
53325,392.15
53339,392.15
53353,392.15
53367,392.15
53381,392.15
53395,392.15
53409,392.15
53423,392.15
53436,392.15
53450,392.15
53464,392.15
53478,392.15
53492,392.15
53506,392.15
53520,392.15
53534,392.15
53548,392.15
53561,392.15
53575,391.15
53589,391.15
53603,391.15
53617,391.15
53631,391.15
53645,391.15
53659,391.15
53672,391.15
53686,391.15
53700,391.15
53714,391.15
53728,391.15
53742,391.15
53756,391.15
53770,391.15
53784,391.15
53797,391.15
53811,391.15
53825,391.15
53839,391.15
53853,390.15
53867,390.15
53881,390.15
53895,390.15
53908,390.15
53922,390.15
53936,390.15
53950,390.15
53964,390.15
53978,390.15
53992,390.15
54006,390.15
54020,390.15
54033,390.15
54047,390.15
54061,390.15
54075,390.15
54089,390.15
54103,390.15
54117,390.15
54131,389.15
54144,389.15
54158,389.15
54172,389.15
54186,389.15
54200,389.15
54214,389.15
54228,389.15
54242,389.15
54256,389.15
54269,389.15
54283,389.15
54297,389.15
54311,389.15
54325,389.15
54339,389.15
54353,389.15
54367,389.15
54381,389.15
54394,389.15
54408,389.15
54422,388.15
54436,388.15
54450,388.15
54464,388.15
54478,388.15
54492,388.15
54505,388.15
54519,388.15
54533,388.15
54547,388.15
54561,388.15
54575,388.15
54589,388.15
54603,388.15
54617,388.15
54630,388.15
54644,388.15
54658,388.15
54672,388.15
54686,388.15
54700,388.15
54714,388.15
54728,387.15
54741,387.15
54755,387.15
54769,387.15
54783,387.15
54797,387.15
54811,387.15
54825,387.15
54839,387.15
54853,387.15
54866,387.15
54880,387.15
54894,387.15
54908,387.15
54922,387.15
54936,387.15
54950,387.15
54964,387.15
54977,387.15
54991,387.15
55005,386.15
55019,386.15
55033,386.15
55047,386.15
55061,386.15
55075,386.15
55089,386.15
55102,386.15
55116,386.15
55130,386.15
55144,386.15
55158,386.15
55172,386.15
55186,386.15
55200,386.15
55213,386.15
55227,386.15
55241,386.15
55255,386.15
55269,386.15
55283,386.15
55297,386.15
55311,385.15
55325,385.15
55338,385.15
55352,385.15
55366,385.15
55380,385.15
55394,385.15
55408,385.15
55422,385.15
55436,385.15
55450,385.15
55463,385.15
55477,385.15
55491,385.15
55505,385.15
55519,385.15
55533,385.15
55547,385.15
55561,385.15
55574,385.15
55588,384.15
55602,384.15
55616,384.15
55630,384.15
55644,384.15
55658,384.15
55672,384.15
55686,384.15
55699,384.15
55713,384.15
55727,384.15
55741,384.15
55755,384.15
55769,384.15
55783,384.15
55797,384.15
55810,384.15
55824,384.15
55838,384.15
55852,384.15
55866,384.15
55880,383.15
55894,383.15
55908,383.15
55922,383.15
55935,383.15
55949,383.15
55963,383.15
55977,383.15
55991,383.15
56005,383.15
56019,383.15
56033,383.15
56046,383.15
56060,383.15
56074,383.15
56088,383.15
56102,383.15
56116,383.15
56130,383.15
56144,383.15
56158,383.15
56171,383.15
56185,382.15
56199,383.15
56213,382.15
56227,382.15
56241,382.15
56255,382.15
56269,382.15
56283,382.15
56296,382.15
56310,382.15
56324,382.15
56338,382.15
56352,382.15
56366,382.15
56380,382.15
56394,382.15
56407,382.15
56421,382.15
56435,382.15
56449,382.15
56463,382.15
56477,382.15
56491,382.15
56505,382.15
56519,381.15
56532,381.15
56546,381.15
56560,381.15
56574,381.15
56588,381.15
56602,381.15
56616,381.15
56630,381.15
56643,381.15
56657,381.15
56671,381.15
56685,381.15
56699,381.15
56713,381.15
56727,381.15
56741,381.15
56755,381.15
56768,381.15
56782,381.15
56796,381.15
56810,381.15
56824,380.15
56838,380.15
56852,380.15
56866,380.15
56879,380.15
56893,380.15
56907,380.15
56921,380.15
56935,380.15
56949,380.15
56963,380.15
56977,380.15
56991,380.15
57004,380.15
57018,380.15
57032,380.15
57046,380.15
57060,380.15
57074,380.15
57088,380.15
57102,380.15
57116,380.15
57129,380.15
57143,380.15
57157,379.15
57171,379.15
57185,379.15
57199,379.15
57213,379.15
57227,379.15
57240,379.15
57254,379.15
57268,379.15
57282,379.15
57296,379.15
57310,379.15
57324,379.15
57338,379.15
57352,379.15
57365,379.15
57379,379.15
57393,379.15
57407,379.15
57421,379.15
57435,379.15
57449,379.15
57463,379.15
57476,378.15
57490,378.15
57504,378.15
57518,378.15
57532,378.15
57546,378.15
57560,378.15
57574,378.15
57588,378.15
57601,378.15
57615,378.15
57629,378.15
57643,378.15
57657,378.15
57671,378.15
57685,378.15
57699,378.15
57712,378.15
57726,378.15
57740,378.15
57754,378.15
57768,378.15
57782,378.15
57796,378.15
57810,378.15
57824,377.15
57837,377.15
57851,377.15
57865,377.15
57879,377.15
57893,377.15
57907,377.15
57921,377.15
57935,377.15
57948,377.15
57962,377.15
57976,377.15
57990,377.15
58004,377.15
58018,377.15
58032,377.15
58046,377.15
58060,377.15
58073,377.15
58087,377.15
58101,377.15
58115,377.15
58129,377.15
58143,377.15
58157,377.15
58171,376.15
58184,376.15
58198,376.15
58212,376.15
58226,376.15
58240,376.15
58254,376.15
58268,376.15
58282,376.15
58296,376.15
58309,376.15
58323,376.15
58337,376.15
58351,376.15
58365,376.15
58379,376.15
58393,376.15
58407,376.15
58421,376.15
58434,376.15
58448,376.15
58462,376.15
58476,376.15
58490,376.15
58504,376.15
58518,376.15
58532,375.15
58545,375.15
58559,375.15
58573,375.15
58587,375.15
58601,375.15
58615,375.15
58629,375.15
58643,375.15
58657,375.15
58670,375.15
58684,375.15
58698,375.15
58712,375.15
58726,375.15
58740,375.15
58754,375.15
58768,375.15
58781,375.15
58795,375.15
58809,375.15
58823,375.15
58837,375.15
58851,375.15
58865,375.15
58879,374.15
58893,374.15
58906,374.15
58920,374.15
58934,374.15
58948,374.15
58962,374.15
58976,374.15
58990,374.15
59004,374.15
59017,374.15
59031,374.15
59045,374.15
59059,374.15
59073,374.15
59087,374.15
59101,374.15
59115,374.15
59129,374.15
59142,374.15
59156,374.15
59170,374.15
59184,374.15
59198,374.15
59212,374.15
59226,374.15
59240,373.15
59254,373.15
59267,373.15
59281,373.15
59295,373.15
59309,373.15
59323,373.15
59337,373.15
59351,373.15
59365,373.15
59378,373.15
59392,373.15
59406,373.15
59420,373.15
59434,373.15
59448,373.15
59462,373.15
59476,373.15
59490,373.15
59503,373.15
59517,373.15
59531,373.15
59545,373.15
59559,373.15
59573,373.15
59587,373.15
59601,372.15
59614,372.15
59628,372.15
59642,372.15
59656,372.15
59670,372.15
59684,372.15
59698,372.15
59712,372.15
59726,372.15
59739,372.15
59753,372.15
59767,372.15
59781,372.15
59795,372.15
59809,372.15
59823,372.15
59837,372.15
59850,372.15
59864,372.15
59878,372.15
59892,372.15
59906,372.15
59920,372.15
59934,372.15
59948,371.15
59962,371.15
59975,371.15
59989,371.15
60003,371.15
60017,371.15
60031,371.15
60045,371.15
60059,371.15
60073,371.15
60086,371.15
60100,371.15
60114,371.15
60128,371.15
60142,371.15
60156,371.15
60170,371.15
60184,371.15
60198,371.15
60211,371.15
60225,371.15
60239,371.15
60253,371.15
60267,371.15
60281,371.15
60295,371.15
60309,371.15
60323,371.15
60336,370.15
60350,370.15
60364,370.15
60378,370.15
60392,370.15
60406,370.15
60420,370.15
60434,370.15
60447,370.15
60461,370.15
60475,370.15
60489,370.15
60503,370.15
60517,370.15
60531,370.15
60545,370.15
60559,370.15
60572,370.15
60586,370.15
60600,370.15
60614,370.15
60628,370.15
60642,370.15
60656,370.15
60670,370.15
60683,370.15
60697,369.15
60711,370.15
60725,369.15
60739,369.15
60753,369.15
60767,369.15
60781,369.15
60795,369.15
60808,369.15
60822,369.15
60836,369.15
60850,369.15
60864,369.15
60878,369.15
60892,369.15
60906,369.15
60919,369.15
60933,369.15
60947,369.15
60961,369.15
60975,369.15
60989,369.15
61003,369.15
61017,369.15
61031,369.15
61044,369.15
61058,369.15
61072,369.15
61086,369.15
61100,368.15
61114,368.15
61128,368.15
61142,368.15
61156,368.15
61169,368.15
61183,368.15
61197,368.15
61211,368.15
61225,368.15
61239,368.15
61253,368.15
61267,368.15
61280,368.15
61294,368.15
61308,368.15
61322,368.15
61336,368.15
61350,368.15
61364,368.15
61378,368.15
61392,368.15
61405,368.15
61419,368.15
61433,368.15
61447,368.15
61461,368.15
61475,368.15
61489,368.15
61503,368.15
61516,367.15
61530,367.15
61544,367.15
61558,367.15
61572,367.15
61586,367.15
61600,367.15
61614,367.15
61628,367.15
61641,367.15
61655,367.15
61669,367.15
61683,367.15
61697,367.15
61711,367.15
61725,367.15
61739,367.15
61752,367.15
61766,367.15
61780,367.15
61794,367.15
61808,367.15
61822,367.15
61836,367.15
61850,367.15
61864,367.15
61877,367.15
61891,367.15
61905,366.15
61919,366.15
61933,366.15
61947,366.15
61961,366.15
61975,366.15
61988,366.15
62002,366.15
62016,366.15
62030,366.15
62044,366.15
62058,366.15
62072,366.15
62086,366.15
62100,366.15
62113,366.15
62127,366.15
62141,366.15
62155,366.15
62169,366.15
62183,366.15
62197,366.15
62211,366.15
62225,366.15
62238,366.15
62252,366.15
62266,366.15
62280,366.15
62294,366.15
62308,365.15
62322,365.15
62336,365.15
62349,365.15
62363,365.15
62377,365.15
62391,365.15
62405,365.15
62419,365.15
62433,365.15
62447,365.15
62461,365.15
62474,365.15
62488,365.15
62502,365.15
62516,365.15
62530,365.15
62544,365.15
62558,365.15
62572,365.15
62585,365.15
62599,365.15
62613,365.15
62627,365.15
62641,365.15
62655,365.15
62669,365.15
62683,365.15
62697,365.15
62710,365.15
62724,365.15
62738,364.15
62752,364.15
62766,364.15
62780,364.15
62794,364.15
62808,364.15
62821,364.15
62835,364.15
62849,364.15
62863,364.15
62877,364.15
62891,364.15
62905,364.15
62919,364.15
62933,364.15
62946,364.15
62960,364.15
62974,364.15
62988,364.15
63002,364.15
63016,364.15
63030,364.15
63044,364.15
63057,364.15
63071,364.15
63085,364.15
63099,364.15
63113,364.15
63127,364.15
63141,364.15
63155,364.15
63169,363.15
63182,363.15
63196,363.15
63210,363.15
63224,363.15
63238,363.15
63252,363.15
63266,363.15
63280,363.15
63294,363.15
63307,363.15
63321,363.15
63335,363.15
63349,363.15
63363,363.15
63377,363.15
63391,363.15
63405,363.15
63418,363.15
63432,363.15
63446,363.15
63460,363.15
63474,363.15
63488,363.15
63502,363.15
63516,363.15
63530,363.15
63543,363.15
63557,363.15
63571,363.15
63585,363.15
63599,362.15
63613,362.15
63627,362.15
63641,362.15
63654,362.15
63668,362.15
63682,362.15
63696,362.15
63710,362.15
63724,362.15
63738,362.15
63752,362.15
63766,362.15
63779,362.15
63793,362.15
63807,362.15
63821,362.15
63835,362.15
63849,362.15
63863,362.15
63877,362.15
63890,362.15
63904,362.15
63918,362.15
63932,362.15
63946,362.15
63960,362.15
63974,362.15
63988,362.15
64002,362.15
64015,362.15
64029,362.15
64043,361.15
64057,361.15
64071,361.15
64085,361.15
64099,361.15
64113,361.15
64126,361.15
64140,361.15
64154,361.15
64168,361.15
64182,361.15
64196,361.15
64210,361.15
64224,361.15
64238,361.15
64251,361.15
64265,361.15
64279,361.15
64293,361.15
64307,361.15
64321,361.15
64335,361.15
64349,361.15
64363,361.15
64376,361.15
64390,361.15
64404,361.15
64418,361.15
64432,361.15
64446,361.15
64460,361.15
64474,361.15
64487,361.15
64501,360.15
64515,360.15
64529,360.15
64543,360.15
64557,360.15
64571,360.15
64585,360.15
64599,360.15
64612,360.15
64626,360.15
64640,360.15
64654,360.15
64668,360.15
64682,360.15
64696,360.15
64710,360.15
64723,360.15
64737,360.15
64751,360.15
64765,360.15
64779,360.15
64793,360.15
64807,360.15
64821,360.15
64835,360.15
64848,360.15
64862,360.15
64876,360.15
64890,360.15
64904,360.15
64918,360.15
64932,360.15
64946,359.15
64960,360.15
64973,359.15
64987,359.15
65001,359.15
65015,359.15
65029,359.15
65043,359.15
65057,359.15
65071,359.15
65084,359.15
65098,359.15
65112,359.15
65126,359.15
65140,359.15
65154,359.15
65168,359.15
65182,359.15
65196,359.15
65209,359.15
65223,359.15
65237,359.15
65251,359.15
65265,359.15
65279,359.15
65293,359.15
65307,359.15
65320,359.15
65334,359.15
65348,359.15
65362,359.15
65376,359.15
65390,359.15
65404,359.15
65418,358.15
65432,359.15
65445,358.15
65459,358.15
65473,358.15
65487,358.15
65501,358.15
65515,358.15
65529,358.15
65543,358.15
65556,358.15
65570,358.15
65584,358.15
65598,358.15
65612,358.15
65626,358.15
65640,358.15
65654,358.15
65668,358.15
65681,358.15
65695,358.15
65709,358.15
65723,358.15
65737,358.15
65751,358.15
65765,358.15
65779,358.15
65792,358.15
65806,358.15
65820,358.15
65834,358.15
65848,358.15
65862,358.15
65876,358.15
65890,358.15
65904,357.15
65917,357.15
65931,357.15
65945,357.15
65959,357.15
65973,357.15
65987,357.15
66001,357.15
66015,357.15
66028,357.15
66042,357.15
66056,357.15
66070,357.15
66084,357.15
66098,357.15
66112,357.15
66126,357.15
66140,357.15
66153,357.15
66167,357.15
66181,357.15
66195,357.15
66209,357.15
66223,357.15
66237,357.15
66251,357.15
66265,357.15
66278,357.15
66292,357.15
66306,357.15
66320,357.15
66334,357.15
66348,357.15
66362,357.15
66376,357.15
66389,356.15
66403,356.15
66417,356.15
66431,356.15
66445,356.15
66459,356.15
66473,356.15
66487,356.15
66501,356.15
66514,356.15
66528,356.15
66542,356.15
66556,356.15
66570,356.15
66584,356.15
66598,356.15
66612,356.15
66625,356.15
66639,356.15
66653,356.15
66667,356.15
66681,356.15
66695,356.15
66709,356.15
66723,356.15
66737,356.15
66750,356.15
66764,356.15
66778,356.15
66792,356.15
66806,356.15
66820,356.15
66834,356.15
66848,356.15
66861,356.15
66875,356.15
66889,356.15
66903,355.15
66917,355.15
66931,355.15
66945,355.15
66959,355.15
66973,355.15
66986,355.15
67000,355.15
67014,355.15
67028,355.15
67042,355.15
67056,355.15
67070,355.15
67084,355.15
67098,355.15
67111,355.15
67125,355.15
67139,355.15
67153,355.15
67167,355.15
67181,355.15
67195,355.15
67209,355.15
67222,355.15
67236,355.15
67250,355.15
67264,355.15
67278,355.15
67292,355.15
67306,355.15
67320,355.15
67334,355.15
67347,355.15
67361,355.15
67375,355.15
67389,355.15
67403,354.15
67417,354.15
67431,354.15
67445,354.15
67458,354.15
67472,354.15
67486,354.15
67500,354.15
67514,354.15
67528,354.15
67542,354.15
67556,354.15
67570,354.15
67583,354.15
67597,354.15
67611,354.15
67625,354.15
67639,354.15
67653,354.15
67667,354.15
67681,354.15
67694,354.15
67708,354.15
67722,354.15
67736,354.15
67750,354.15
67764,354.15
67778,354.15
67792,354.15
67806,354.15
67819,354.15
67833,354.15
67847,354.15
67861,354.15
67875,354.15
67889,354.15
67903,354.15
67917,354.15
67931,354.15
67944,354.15
67958,353.15
67972,353.15
67986,353.15
68000,353.15
68014,353.15
68028,353.15
68042,353.15
68055,353.15
68069,353.15
68083,353.15
68097,353.15
68111,353.15
68125,353.15
68139,353.15
68153,353.15
68166,353.15
68180,353.15
68194,353.15
68208,353.15
68222,353.15
68236,353.15
68250,353.15
68264,353.15
68278,353.15
68291,353.15
68305,353.15
68319,353.15
68333,353.15
68347,353.15
68361,353.15
68375,353.15
68389,353.15
68403,353.15
68416,353.15
68430,353.15
68444,353.15
68458,353.15
68472,352.15
68486,352.15
68500,352.15
68514,352.15
68527,352.15
68541,352.15
68555,352.15
68569,352.15
68583,352.15
68597,352.15
68611,352.15
68625,352.15
68639,352.15
68652,352.15
68666,352.15
68680,352.15
68694,352.15
68708,352.15
68722,352.15
68736,352.15
68750,352.15
68763,352.15
68777,352.15
68791,352.15
68805,352.15
68819,352.15
68833,352.15
68847,352.15
68861,352.15
68875,352.15
68888,352.15
68902,352.15
68916,352.15
68930,352.15
68944,352.15
68958,352.15
68972,352.15
68986,352.15
68999,352.15
69013,352.15
69027,351.15
69041,351.15
69055,351.15
69069,351.15
69083,351.15
69097,351.15
69111,351.15
69124,351.15
69138,351.15
69152,351.15
69166,351.15
69180,351.15
69194,351.15
69208,351.15
69222,351.15
69236,351.15
69249,351.15
69263,351.15
69277,351.15
69291,351.15
69305,351.15
69319,351.15
69333,351.15
69347,351.15
69360,351.15
69374,351.15
69388,351.15
69402,351.15
69416,351.15
69430,351.15
69444,351.15
69458,351.15
69472,351.15
69485,351.15
69499,351.15
69513,351.15
69527,351.15
69541,351.15
69555,351.15
69569,351.15
69583,351.15
69596,351.15
69610,350.15
69624,350.15
69638,350.15
69652,350.15
69666,350.15
69680,350.15
69694,350.15
69708,350.15
69721,350.15
69735,350.15
69749,350.15
69763,350.15
69777,350.15
69791,350.15
69805,350.15
69819,350.15
69832,350.15
69846,350.15
69860,350.15
69874,350.15
69888,350.15
69902,350.15
69916,350.15
69930,350.15
69944,350.15
69957,350.15
69971,350.15
69985,350.15
69999,350.15
70013,350.15
70027,350.15
70041,350.15
70055,350.15
70069,350.15
70082,350.15
70096,350.15
70110,350.15
70124,350.15
70138,350.15
70152,350.15
70166,350.15
70180,350.15
70193,349.15
70207,349.15
70221,349.15
70235,349.15
70249,349.15
70263,349.15
70277,349.15
70291,349.15
70305,349.15
70318,349.15
70332,349.15
70346,349.15
70360,349.15
70374,349.15
70388,349.15
70402,349.15
70416,349.15
70429,349.15
70443,349.15
70457,349.15
70471,349.15
70485,349.15
70499,349.15
70513,349.15
70527,349.15
70541,349.15
70554,349.15
70568,349.15
70582,349.15
70596,349.15
70610,349.15
70624,349.15
70638,349.15
70652,349.15
70665,349.15
70679,349.15
70693,349.15
70707,349.15
70721,349.15
70735,349.15
70749,349.15
70763,348.15
70777,349.15
70790,348.15
70804,348.15
70818,348.15
70832,348.15
70846,348.15
70860,348.15
70874,348.15
70888,348.15
70901,348.15
70915,348.15
70929,348.15
70943,348.15
70957,348.15
70971,348.15
70985,348.15
70999,348.15
71013,348.15
71026,348.15
71040,348.15
71054,348.15
71068,348.15
71082,348.15
71096,348.15
71110,348.15
71124,348.15
71138,348.15
71151,348.15
71165,348.15
71179,348.15
71193,348.15
71207,348.15
71221,348.15
71235,348.15
71249,348.15
71262,348.15
71276,348.15
71290,348.15
71304,348.15
71318,348.15
71332,348.15
71346,348.15
71360,348.15
71374,347.15
71387,347.15
71401,347.15
71415,347.15
71429,347.15
71443,347.15
71457,347.15
71471,347.15
71485,347.15
71498,347.15
71512,347.15
71526,347.15
71540,347.15
71554,347.15
71568,347.15
71582,347.15
71596,347.15
71610,347.15
71623,347.15
71637,347.15
71651,347.15
71665,347.15
71679,347.15
71693,347.15
71707,347.15
71721,347.15
71734,347.15
71748,347.15
71762,347.15
71776,347.15
71790,347.15
71804,347.15
71818,347.15
71832,347.15
71846,347.15
71859,347.15
71873,347.15
71887,347.15
71901,347.15
71915,347.15
71929,347.15
71943,347.15
71957,347.15
71970,347.15
71984,347.15
71998,347.15
72012,346.15
72026,346.15
72040,346.15
72054,346.15
72068,346.15
72082,346.15
72095,346.15
72109,346.15
72123,346.15
72137,346.15
72151,346.15
72165,346.15
72179,346.15
72193,346.15
72207,346.15
72220,346.15
72234,346.15
72248,346.15
72262,346.15
72276,346.15
72290,346.15
72304,346.15
72318,346.15
72331,346.15
72345,346.15
72359,346.15
72373,346.15
72387,346.15
72401,346.15
72415,346.15
72429,346.15
72443,346.15
72456,346.15
72470,346.15
72484,346.15
72498,346.15
72512,346.15
72526,346.15
72540,346.15
72554,346.15
72567,346.15
72581,346.15
72595,346.15
72609,346.15
72623,346.15
72637,345.15
72651,345.15
72665,346.15
72679,345.15
72692,346.15
72706,345.15
72720,345.15
72734,345.15
72748,345.15
72762,345.15
72776,345.15
72790,345.15
72803,345.15
72817,345.15
72831,345.15
72845,345.15
72859,345.15
72873,345.15
72887,345.15
72901,345.15
72915,345.15
72928,345.15
72942,345.15
72956,345.15
72970,345.15
72984,345.15
72998,345.15
73012,345.15
73026,345.15
73039,345.15
73053,345.15
73067,345.15
73081,345.15
73095,345.15
73109,345.15
73123,345.15
73137,345.15
73151,345.15
73164,345.15
73178,345.15
73192,345.15
73206,345.15
73220,345.15
73234,345.15
73248,345.15
73262,345.15
73276,345.15
73289,345.15
73303,345.15
73317,345.15
73331,345.15
73345,344.15
73359,344.15
73373,344.15
73387,344.15
73400,344.15
73414,344.15
73428,344.15
73442,344.15
73456,344.15
73470,344.15
73484,344.15
73498,344.15
73512,344.15
73525,344.15
73539,344.15
73553,344.15
73567,344.15
73581,344.15
73595,344.15
73609,344.15
73623,344.15
73636,344.15
73650,344.15
73664,344.15
73678,344.15
73692,344.15
73706,344.15
73720,344.15
73734,344.15
73748,344.15
73761,344.15
73775,344.15
73789,344.15
73803,344.15
73817,344.15
73831,344.15
73845,344.15
73859,344.15
73872,344.15
73886,344.15
73900,344.15
73914,344.15
73928,344.15
73942,344.15
73956,344.15
73970,344.15
73984,343.15
73997,343.15
74011,343.15
74025,343.15
74039,343.15
74053,343.15
74067,343.15
74081,343.15
74095,343.15
74108,343.15
74122,343.15
74136,343.15
74150,343.15
74164,343.15
74178,343.15
74192,343.15
74206,343.15
74220,343.15
74233,343.15
74247,343.15
74261,343.15
74275,343.15
74289,343.15
74303,343.15
74317,343.15
74331,343.15
74345,343.15
74358,343.15
74372,343.15
74386,343.15
74400,343.15
74414,343.15
74428,343.15
74442,343.15
74456,343.15
74469,343.15
74483,343.15
74497,343.15
74511,343.15
74525,343.15
74539,343.15
74553,343.15
74567,343.15
74581,343.15
74594,343.15
74608,343.15
74622,343.15
74636,343.15
74650,343.15
74664,343.15
74678,342.15
74692,342.15
74705,342.15
74719,342.15
74733,342.15
74747,342.15
74761,342.15
74775,342.15
74789,342.15
74803,342.15
74817,342.15
74830,342.15
74844,342.15
74858,342.15
74872,342.15
74886,342.15
74900,342.15
74914,342.15
74928,342.15
74941,342.15
74955,342.15
74969,342.15
74983,342.15
74997,342.15
75011,342.15
75025,342.15
75039,342.15
75053,342.15
75066,342.15
75080,342.15
75094,342.15
75108,342.15
75122,342.15
75136,342.15
75150,342.15
75164,342.15
75178,342.15
75191,342.15
75205,342.15
75219,342.15
75233,342.15
75247,342.15
75261,342.15
75275,342.15
75289,342.15
75302,342.15
75316,342.15
75330,342.15
75344,342.15
75358,341.15
75372,341.15
75386,341.15
75400,341.15
75414,341.15
75427,341.15
75441,341.15
75455,341.15
75469,341.15
75483,341.15
75497,341.15
75511,341.15
75525,341.15
75538,341.15
75552,341.15
75566,341.15
75580,341.15
75594,341.15
75608,341.15
75622,341.15
75636,341.15
75650,341.15
75663,341.15
75677,341.15
75691,341.15
75705,341.15
75719,341.15
75733,341.15
75747,341.15
75761,341.15
75774,341.15
75788,341.15
75802,341.15
75816,341.15
75830,341.15
75844,341.15
75858,341.15
75872,341.15
75886,341.15
75899,341.15
75913,341.15
75927,341.15
75941,341.15
75955,341.15
75969,341.15
75983,341.15
75997,341.15
76010,341.15
76024,341.15
76038,341.15
76052,341.15
76066,341.15
76080,341.15
76094,340.15
76108,340.15
76122,340.15
76135,340.15
76149,340.15
76163,340.15
76177,340.15
76191,340.15
76205,340.15
76219,340.15
76233,340.15
76247,340.15
76260,340.15
76274,340.15
76288,340.15
76302,340.15
76316,340.15
76330,340.15
76344,340.15
76358,340.15
76371,340.15
76385,340.15
76399,340.15
76413,340.15
76427,340.15
76441,340.15
76455,340.15
76469,340.15
76483,340.15
76496,340.15
76510,340.15
76524,340.15
76538,340.15
76552,340.15
76566,340.15
76580,340.15
76594,340.15
76607,340.15
76621,340.15
76635,340.15
76649,340.15
76663,340.15
76677,340.15
76691,340.15
76705,340.15
76719,340.15
76732,340.15
76746,340.15
76760,340.15
76774,340.15
76788,340.15
76802,340.15
76816,340.15
76830,340.15
76844,339.15
76857,339.15
76871,339.15
76885,339.15
76899,339.15
76913,339.15
76927,339.15
76941,339.15
76955,339.15
76968,339.15
76982,339.15
76996,339.15
77010,339.15
77024,339.15
77038,339.15
77052,339.15
77066,339.15
77080,339.15
77093,339.15
77107,339.15
77121,339.15
77135,339.15
77149,339.15
77163,339.15
77177,339.15
77191,339.15
77204,339.15
77218,339.15
77232,339.15
77246,339.15
77260,339.15
77274,339.15
77288,339.15
77302,339.15
77316,339.15
77329,339.15
77343,339.15
77357,339.15
77371,339.15
77385,339.15
77399,339.15
77413,339.15
77427,339.15
77440,339.15
77454,339.15
77468,339.15
77482,339.15
77496,339.15
77510,339.15
77524,339.15
77538,339.15
77552,339.15
77565,339.15
77579,338.15
77593,338.15
77607,338.15
77621,338.15
77635,338.15
77649,338.15
77663,338.15
77676,338.15
77690,338.15
77704,338.15
77718,338.15
77732,338.15
77746,338.15
77760,338.15
77774,338.15
77788,338.15
77801,338.15
77815,338.15
77829,338.15
77843,338.15
77857,338.15
77871,338.15
77885,338.15
77899,338.15
77913,338.15
77926,338.15
77940,338.15
77954,338.15
77968,338.15
77982,338.15
77996,338.15
78010,338.15
78024,338.15
78037,338.15
78051,338.15
78065,338.15
78079,338.15
78093,338.15
78107,338.15
78121,338.15
78135,338.15
78149,338.15
78162,338.15
78176,338.15
78190,338.15
78204,338.15
78218,338.15
78232,338.15
78246,338.15
78260,338.15
78273,338.15
78287,338.15
78301,338.15
78315,338.15
78329,338.15
78343,338.15
78357,338.15
78371,337.15
78385,338.15
78398,337.15
78412,337.15
78426,337.15
78440,337.15
78454,337.15
78468,337.15
78482,337.15
78496,337.15
78509,337.15
78523,337.15
78537,337.15
78551,337.15
78565,337.15
78579,337.15
78593,337.15
78607,337.15
78621,337.15
78634,337.15
78648,337.15
78662,337.15
78676,337.15
78690,337.15
78704,337.15
78718,337.15
78732,337.15
78745,337.15
78759,337.15
78773,337.15
78787,337.15
78801,337.15
78815,337.15
78829,337.15
78843,337.15
78857,337.15
78870,337.15
78884,337.15
78898,337.15
78912,337.15
78926,337.15
78940,337.15
78954,337.15
78968,337.15
78982,337.15
78995,337.15
79009,337.15
79023,337.15
79037,337.15
79051,337.15
79065,337.15
79079,337.15
79093,337.15
79106,337.15
79120,337.15
79134,337.15
79148,337.15
79162,337.15
79176,337.15
79190,337.15
79204,336.15
79218,336.15
79231,336.15
79245,336.15
79259,336.15
79273,336.15
79287,336.15
79301,336.15
79315,336.15
79329,336.15
79342,336.15
79356,336.15
79370,336.15
79384,336.15
79398,336.15
79412,336.15
79426,336.15
79440,336.15
79454,336.15
79467,336.15
79481,336.15
79495,336.15
79509,336.15
79523,336.15
79537,336.15
79551,336.15
79565,336.15
79578,336.15
79592,336.15
79606,336.15
79620,336.15
79634,336.15
79648,336.15
79662,336.15
79676,336.15
79690,336.15
79703,336.15
79717,336.15
79731,336.15
79745,336.15
79759,336.15
79773,336.15
79787,336.15
79801,336.15
79814,336.15
79828,336.15
79842,336.15
79856,336.15
79870,336.15
79884,336.15
79898,336.15
79912,336.15
79926,336.15
79939,336.15
79953,336.15
79967,336.15
79981,336.15
79995,335.15
80009,336.15
80023,335.15
80037,335.15
80051,335.15
80064,335.15
80078,335.15
80092,335.15
80106,335.15
80120,335.15
80134,335.15
80148,335.15
80162,335.15
80175,335.15
80189,335.15
80203,335.15
80217,335.15
80231,335.15
80245,335.15
80259,335.15
80273,335.15
80287,335.15
80300,335.15
80314,335.15
80328,335.15
80342,335.15
80356,335.15
80370,335.15
80384,335.15
80398,335.15
80411,335.15
80425,335.15
80439,335.15
80453,335.15
80467,335.15
80481,335.15
80495,335.15
80509,335.15
80523,335.15
80536,335.15
80550,335.15
80564,335.15
80578,335.15
80592,335.15
80606,335.15
80620,335.15
80634,335.15
80647,335.15
80661,335.15
80675,335.15
80689,335.15
80703,335.15
80717,335.15
80731,335.15
80745,335.15
80759,335.15
80772,335.15
80786,335.15
80800,335.15
80814,335.15
80828,335.15
80842,335.15
80856,335.15
80870,335.15
80884,335.15
80897,334.15
80911,334.15
80925,334.15
80939,334.15
80953,334.15
80967,334.15
80981,334.15
80995,334.15
81008,334.15
81022,334.15
81036,334.15
81050,334.15
81064,334.15
81078,334.15
81092,334.15
81106,334.15
81120,334.15
81133,334.15
81147,334.15
81161,334.15
81175,334.15
81189,334.15
81203,334.15
81217,334.15
81231,334.15
81244,334.15
81258,334.15
81272,334.15
81286,334.15
81300,334.15
81314,334.15
81328,334.15
81342,334.15
81356,334.15
81369,334.15
81383,334.15
81397,334.15
81411,334.15
81425,334.15
81439,334.15
81453,334.15
81467,334.15
81480,334.15
81494,334.15
81508,334.15
81522,334.15
81536,334.15
81550,334.15
81564,334.15
